employee_id,hourly_rate,regular_hours,overtime_hours,benefit_deduction,other_deduction,prior_period_net_pay,regular_pay,overtime_pay,gross_pay,tax,total_deductions,net_pay,variance,variance_percent,flag
1,22.0,40.0,2.0,80.0,10.0,1300.0,880.0,66.0,946.0,170.28,260.28,685.72,-614.28,-47.25230769230769,True
2,20.0,40.0,0.0,70.0,15.0,1200.0,800.0,0.0,800.0,144.0,229.0,571.0,-629.0,-52.416666666666664,True
3,27.0,40.0,5.0,90.0,20.0,1500.0,1080.0,202.5,1282.5,230.85,340.85,941.65,-558.35,-37.223333333333336,True
4,19.0,38.0,0.0,60.0,12.0,1100.0,722.0,0.0,722.0,129.96,201.96,520.04,-579.96,-52.72363636363636,True
