employee_id,hourly_rate,regular_hours,overtime_hours,benefit_deduction,other_deduction,prior_period_net_pay,regular_pay,overtime_pay,gross_pay,tax,total_deductions,net_pay,variance,variance_percent,flag
1,22.0,40.0,2.0,80.0,10.0,690.0,880.0,66.0,946.0,170.28,260.28,685.72,-4.279999999999973,-0.6202898550724598,False
2,20.0,40.0,0.0,70.0,15.0,575.0,800.0,0.0,800.0,144.0,229.0,571.0,-4.0,-0.6956521739130435,False
3,27.0,40.0,5.0,90.0,20.0,950.0,1080.0,202.5,1282.5,230.85,340.85,941.65,-8.350000000000023,-0.878947368421055,False
4,19.0,38.0,0.0,60.0,12.0,518.0,722.0,0.0,722.0,129.96,201.96,520.04,2.0399999999999636,0.39382239382238676,False
